MOLECULE,MZ,RT,FRAGSMZ,FRAGSINTENSITY
citric acid,193.0343,0.35,111.0077;112.0123;129.0181;67.0186;85.0283;87.0076,1118739;97936;25664;110860;608951;788673
malic acid,133.0142473,0.35,115.0026;71.0126;72.9918;89.0231,36497;98768;43028;4205
glutamine,145.0618662,0.35,102.0529;128.0329,42538;6760
quinic acid,191.0561122,0.35,109.0286;111.0441;127.0393;192.0595;71.0126;85.0283;87.0077;93.0335,23576;46816;93887;58224;19279;365921;65494;107572
