NAME,MZ
f01_126C,126.12776
f02_127N,127.12476
f03_127C,127.13108
f04_128N,128.12811
f05_128C,128.13443
f06_129N,129.13147
f07_129C,129.13779
f08_130N,130.13482
f09_130C,130.14114
f10_131N,131.13818
f11_131C,131.14450
f12_132N,132.14154
f13_132C,132.14786
f14_133N,133.14490
f15_133C,133.15122
f16_134N,134.14826
